factory_name,total_profit,total_cost,profit_margin
Lot's O' Nuts,52771.05,23569.1,2.23899300355126
Secret Factory,4344.7,4242.8,1.0240171584802489
Sugar Shack,121.23,99.75,1.2153383458646616
The Other Factory,152.25,1130.0,0.13473451327433628
Wicked Choccy's,36053.57,19299.18,1.8681399935126777
